output_images/NIKHIL_UPRETI/image.jpeg.jpg;0
output_images/NIKHIL_UPRETI/image_002.jpeg.jpg;0
output_images/NIKHIL_UPRETI/image_004.jpeg.jpg;0
output_images/NIKHIL_UPRETI/image_007.jpeg.jpg;0
output_images/NIKHIL_UPRETI/image_009.jpeg.jpg;0
output_images/NIKHIL_UPRETI/image_010.jpeg.jpg;0
output_images/NIKHIL_UPRETI/image_011.jpeg.jpg;0
output_images/NIKHIL_UPRETI/image_012.jpeg.jpg;0
output_images/NIKHIL_UPRETI/image_013.jpeg.jpg;0
output_images/NIKHIL_UPRETI/image_014.jpeg.jpg;0
output_images/NIKHIL_UPRETI/image_016.jpeg.jpg;0
output_images/NIKHIL_UPRETI/image_019.jpeg.jpg;0
output_images/NIKHIL_UPRETI/image_020.jpeg.jpg;0
output_images/NIKHIL_UPRETI/image_023.jpeg.jpg;0
output_images/NIKHIL_UPRETI/image_026.jpeg.jpg;0
output_images/NIKHIL_UPRETI/image_027.jpeg.jpg;0
output_images/NIKHIL_UPRETI/image_031.jpeg.jpg;0
output_images/NIKHIL_UPRETI/image_034.jpeg.jpg;0
output_images/NIKHIL_UPRETI/image_035.jpeg.jpg;0
output_images/NIKHIL_UPRETI/image_042.jpeg.jpg;0
output_images/NIKHIL_UPRETI/image_047.jpeg.jpg;0
output_images/NIKHIL_UPRETI/image_050.jpeg.jpg;0
output_images/NIKHIL_UPRETI/image_051.jpeg.jpg;0
output_images/NIKHIL_UPRETI/image_052.jpeg.jpg;0
output_images/NIKHIL_UPRETI/image_061.jpeg.jpg;0
output_images/NIKHIL_UPRETI/image_062.jpeg.jpg;0
output_images/NIKHIL_UPRETI/image_063.jpeg.jpg;0
output_images/NIKHIL_UPRETI/image_065.jpeg.jpg;0
output_images/NIKHIL_UPRETI/image_066.jpeg.jpg;0
output_images/NIKHIL_UPRETI/image_068.jpeg.jpg;0
output_images/NIKHIL_UPRETI/image_069.jpeg.jpg;0
output_images/NIKHIL_UPRETI/image_071.jpeg.jpg;0
output_images/NIKHIL_UPRETI/image_072.jpeg.jpg;0
output_images/NIKHIL_UPRETI/image_082.jpeg.jpg;0
output_images/NIKHIL_UPRETI/image_083.jpeg.jpg;0
output_images/NIKHIL_UPRETI/image_084.jpeg.jpg;0
output_images/NIKHIL_UPRETI/image_085.jpeg.jpg;0
output_images/NIKHIL_UPRETI/image_094.jpeg.jpg;0
output_images/NIKHIL_UPRETI/image_096.jpeg.jpg;0
output_images/NIKHIL_UPRETI/image_097.jpeg.jpg;0
output_images/NIKHIL_UPRETI/image_099.jpeg.jpg;0
output_images/NIKHIL_UPRETI/image_104.jpeg.jpg;0
output_images/NIKHIL_UPRETI/image_110.jpeg.jpg;0
output_images/NIKHIL_UPRETI/image_112.jpeg.jpg;0
output_images/NIKHIL_UPRETI/image_116.jpeg.jpg;0
output_images/NIKHIL_UPRETI/image_119.jpeg.jpg;0
output_images/NIKHIL_UPRETI/image_124.jpeg.jpg;0
output_images/NIKHIL_UPRETI/image_128.jpeg.jpg;0
output_images/NIKHIL_UPRETI/image_131.jpeg.jpg;0
output_images/NIKHIL_UPRETI/image_132.jpeg.jpg;0
output_images/NIKHIL_UPRETI/image_135.jpeg.jpg;0
output_images/NIKHIL_UPRETI/image_136.jpeg.jpg;0
output_images/NIKHIL_UPRETI/image_139.jpeg.jpg;0
output_images/NIKHIL_UPRETI/image_140.jpeg.jpg;0
output_images/NIKHIL_UPRETI/image_141.jpeg.jpg;0
output_images/NIKHIL_UPRETI/image_143.jpeg.jpg;0
output_images/NIKHIL_UPRETI/image_144.jpeg.jpg;0
output_images/NIKHIL_UPRETI/image_156.jpeg.jpg;0
output_images/NIKHIL_UPRETI/image_157.jpeg.jpg;0
output_images/NIKHIL_UPRETI/image_158.jpeg.jpg;0
output_images/NIKHIL_UPRETI/image_166.jpeg.jpg;0
output_images/NIKHIL_UPRETI/image_167.jpeg.jpg;0
output_images/NIKHIL_UPRETI/image_168.jpeg.jpg;0
output_images/NIKHIL_UPRETI/image_170.jpeg.jpg;0
output_images/NIKHIL_UPRETI/image_187.jpeg.jpg;0
output_images/NIKHIL_UPRETI/image_213.jpeg.jpg;0
output_images/NIKHIL_UPRETI/image_228.jpeg.jpg;0
output_images/NIKHIL_UPRETI/image_236.jpeg.jpg;0
output_images/NIKHIL_UPRETI/image_244.jpeg.jpg;0
output_images/NIKHIL_UPRETI/image_246.jpeg.jpg;0
output_images/NIKHIL_UPRETI/image_264.jpeg.jpg;0
output_images/RAJESH_HAMAL/image_001.jpeg.jpg;1
output_images/RAJESH_HAMAL/image_002.jpeg.jpg;1
output_images/RAJESH_HAMAL/image_003.jpeg.jpg;1
output_images/RAJESH_HAMAL/image_004.jpeg.jpg;1
output_images/RAJESH_HAMAL/image_006.jpeg.jpg;1
output_images/RAJESH_HAMAL/image_008.jpeg.jpg;1
output_images/RAJESH_HAMAL/image_009.jpeg.jpg;1
output_images/RAJESH_HAMAL/image_011.jpeg.jpg;1
output_images/RAJESH_HAMAL/image_012.jpeg.jpg;1
output_images/RAJESH_HAMAL/image_013.jpeg.jpg;1
output_images/RAJESH_HAMAL/image_015.jpeg.jpg;1
output_images/RAJESH_HAMAL/image_016.jpeg.jpg;1
output_images/RAJESH_HAMAL/image_017.jpeg.jpg;1
output_images/RAJESH_HAMAL/image_018.jpeg.jpg;1
output_images/RAJESH_HAMAL/image_021.jpeg.jpg;1
output_images/RAJESH_HAMAL/image_023.jpeg.jpg;1
output_images/RAJESH_HAMAL/image_024.jpeg.jpg;1
output_images/RAJESH_HAMAL/image_025.jpeg.jpg;1
output_images/RAJESH_HAMAL/image_026.jpeg.jpg;1
output_images/RAJESH_HAMAL/image_030.jpeg.jpg;1
output_images/RAJESH_HAMAL/image_031.jpeg.jpg;1
output_images/RAJESH_HAMAL/image_032.jpeg.jpg;1
output_images/RAJESH_HAMAL/image_033.jpeg.jpg;1
output_images/RAJESH_HAMAL/image_035.jpeg.jpg;1
output_images/RAJESH_HAMAL/image_036.jpeg.jpg;1
output_images/RAJESH_HAMAL/image_038.jpeg.jpg;1
output_images/RAJESH_HAMAL/image_043.jpeg.jpg;1
output_images/RAJESH_HAMAL/image_049.jpeg.jpg;1
output_images/RAJESH_HAMAL/image_054.jpeg.jpg;1
output_images/RAJESH_HAMAL/image_057.jpeg.jpg;1
output_images/RAJESH_HAMAL/image_060.jpeg.jpg;1
output_images/RAJESH_HAMAL/image_064.jpeg.jpg;1
output_images/RAJESH_HAMAL/image_066.jpeg.jpg;1
output_images/RAJESH_HAMAL/image_073.jpeg.jpg;1
output_images/RAJESH_HAMAL/image_077.jpeg.jpg;1
output_images/RAJESH_HAMAL/image_079.jpeg.jpg;1
output_images/RAJESH_HAMAL/image_081.jpeg.jpg;1
output_images/RAJESH_HAMAL/image_083.jpeg.jpg;1
output_images/RAJESH_HAMAL/image_085.jpeg.jpg;1
output_images/RAJESH_HAMAL/image_087.jpeg.jpg;1
output_images/RAJESH_HAMAL/image_093.jpeg.jpg;1
output_images/RAJESH_HAMAL/image_096.jpeg.jpg;1
output_images/RAJESH_HAMAL/image_097.jpeg.jpg;1
output_images/RAJESH_HAMAL/image_098.jpeg.jpg;1
output_images/RAJESH_HAMAL/image_099.jpeg.jpg;1
output_images/RAJESH_HAMAL/image_101.jpeg.jpg;1
output_images/RAJESH_HAMAL/image_103.jpeg.jpg;1
output_images/RAJESH_HAMAL/image_107.jpeg.jpg;1
output_images/RAJESH_HAMAL/image_110.jpeg.jpg;1
output_images/RAJESH_HAMAL/image_118.jpeg.jpg;1
output_images/RAJESH_HAMAL/image_119.jpeg.jpg;1
output_images/RAJESH_HAMAL/image_131.jpeg.jpg;1
output_images/RAJESH_HAMAL/image_132.jpeg.jpg;1
output_images/RAJESH_HAMAL/image_134.jpeg.jpg;1
output_images/RAJESH_HAMAL/image_142.jpeg.jpg;1
output_images/RAJESH_HAMAL/image_149.jpeg.jpg;1
output_images/RAJESH_HAMAL/image_153.jpeg.jpg;1
output_images/RAJESH_HAMAL/image_155.jpeg.jpg;1
output_images/RAJESH_HAMAL/image_160.jpeg.jpg;1
output_images/RAJESH_HAMAL/image_180.jpeg.jpg;1
output_images/RAJESH_HAMAL/image_194.jpeg.jpg;1
output_images/SAUGAT_MALLA/image_005.jpg.jpg;2
output_images/SAUGAT_MALLA/image_006.jpeg.jpg;2
output_images/SAUGAT_MALLA/image_007.jpeg.jpg;2
output_images/SAUGAT_MALLA/image_008.jpeg.jpg;2
output_images/SAUGAT_MALLA/image_014.jpeg.jpg;2
output_images/SAUGAT_MALLA/image_018.jpeg.jpg;2
output_images/SAUGAT_MALLA/image_019.jpeg.jpg;2
output_images/SAUGAT_MALLA/image_020.jpeg.jpg;2
output_images/SAUGAT_MALLA/image_021.jpeg.jpg;2
output_images/SAUGAT_MALLA/image_023.jpeg.jpg;2
output_images/SAUGAT_MALLA/image_025.jpeg.jpg;2
output_images/SAUGAT_MALLA/image_027.jpeg.jpg;2
output_images/SAUGAT_MALLA/image_029.jpeg.jpg;2
output_images/SAUGAT_MALLA/image_030.jpeg.jpg;2
output_images/SAUGAT_MALLA/image_033.jpeg.jpg;2
output_images/SAUGAT_MALLA/image_035.jpeg.jpg;2
output_images/SAUGAT_MALLA/image_038.jpeg.jpg;2
output_images/SAUGAT_MALLA/image_039.jpeg.jpg;2
output_images/SAUGAT_MALLA/image_040.jpeg.jpg;2
output_images/SAUGAT_MALLA/image_042.jpeg.jpg;2
output_images/SAUGAT_MALLA/image_043.jpeg.jpg;2
output_images/SAUGAT_MALLA/image_049.jpeg.jpg;2
output_images/SAUGAT_MALLA/image_051.jpeg.jpg;2
output_images/SAUGAT_MALLA/image_058.jpeg.jpg;2
output_images/SAUGAT_MALLA/image_061.jpeg.jpg;2
output_images/SAUGAT_MALLA/image_064.jpeg.jpg;2
output_images/SAUGAT_MALLA/image_065.jpeg.jpg;2
output_images/SAUGAT_MALLA/image_066.jpeg.jpg;2
output_images/SAUGAT_MALLA/image_067.jpeg.jpg;2
output_images/SAUGAT_MALLA/image_072.jpeg.jpg;2
output_images/SAUGAT_MALLA/image_076.jpeg.jpg;2
output_images/SAUGAT_MALLA/image_087.jpeg.jpg;2
output_images/SAUGAT_MALLA/image_092.jpeg.jpg;2
output_images/SAUGAT_MALLA/image_104.jpeg.jpg;2
output_images/SAUGAT_MALLA/image_130.jpeg.jpg;2
output_images/SAUGAT_MALLA/image_138.jpeg.jpg;2
output_images/SAUGAT_MALLA/image_140.jpeg.jpg;2
output_images/SAUGAT_MALLA/image_145.jpeg.jpg;2
output_images/SAUGAT_MALLA/image_155.jpeg.jpg;2
output_images/SAUGAT_MALLA/image_170.jpeg.jpg;2
output_images/SAUGAT_MALLA/image_178.jpeg.jpg;2
output_images/SAUGAT_MALLA/image_179.jpeg.jpg;2
output_images/SAUGAT_MALLA/image_182.jpeg.jpg;2
output_images/SAUGAT_MALLA/image_183.jpeg.jpg;2
output_images/SAUGAT_MALLA/image_186.jpeg.jpg;2
output_images/SAUGAT_MALLA/image_193.jpeg.jpg;2
output_images/SAUGAT_MALLA/image_194.jpeg.jpg;2
output_images/SAUGAT_MALLA/image_195.jpeg.jpg;2
output_images/SAUGAT_MALLA/image_196.jpeg.jpg;2
output_images/SAUGAT_MALLA/image_197.jpeg.jpg;2
output_images/SAUGAT_MALLA/image_198.jpeg.jpg;2
output_images/SAUGAT_MALLA/image_199.jpeg.jpg;2
output_images/SAUGAT_MALLA/image_203.jpeg.jpg;2
output_images/SAUGAT_MALLA/image_209.jpeg.jpg;2
output_images/SAUGAT_MALLA/image_233.jpeg.jpg;2
output_images/SAUGAT_MALLA/image_294.jpeg.jpg;2
